17664,The Fake News Media is working hard so that information about the Whistleblower’s identity, which may be very bad f… https://t.co/otzOKixxxp
19436,The Democrats are Fixers, and they are working overtime to FIX the Impeachment “Process” in order to hurt the Repub… https://t.co/gJxkEUisn9
10743,Fake News! https://t.co/pL9gMFvZEn
15583,The Angry Majority!
18393,Many people listened to my phone call with the Ukrainian President while it was being made. I never heard any compl… https://t.co/R40aX4XUZJ
10263,....and FEDERAL CONTRACTOR SPIES stories. The finest law enforcement on the planet could not have shown a ROADMAP l… https://t.co/SOXiJAcYfM
13756,Thank you to @OANN for the absolutely incredible Special Report narrated by @PearsonSharp. Seldom do the American p… https://t.co/zAwQNGbd8p
11530,“Morrison testifies he saw nothing wrong with the Trump call.” @OANN
9674,....Matt has been a GREAT Governor. Kentucky (I Love You!), please be sure to vote for Matt Bevin on TUESDAY. Matt… https://t.co/FgvsAVkPYY
13829,Walking into Madison Square Garden last night with @danawhite for the big @UFC Championship fight was a little bit… https://t.co/W4HTuFbJI4
18759,Great fight Champ! https://t.co/URRR7vnSCj
7519,RT @TimOBrien: UFC president Dana White has praised Trump for backing the UFC early on—including agreeing to host fights at his venues and…
25158,The Whistleblower got it sooo wrong that HE must come forward. The Fake News Media knows who he is but, being an ar… https://t.co/NLuyUNTaFd
12941,....putting these massive, and many, fires out. Great firefighters! Also, open up the ridiculously closed water lan… https://t.co/Ls3DUUNrTS
12354,..Every year, as the fire’s rage & California burns, it is the same thing-and then he comes to the Federal Governme… https://t.co/aKLld8oOVX
20237,The Governor of California, @GavinNewsom, has done a terrible job of forest management. I told him from the first d… https://t.co/vwoGJi6XiO
18417,https://t.co/zJ9nW8i3ao
25848,RT @TaraLaRosa: #NEW: Pres. Trump arrives at Madison Square Garden to a positive reaction from the crowd ahead of #UFC244 . https://t.co/OI…
13179,RT @EricTrump: At #UFC244 - chanting “Donald Trump, Donald Trump... USA USA” https://t.co/hiqKCw3cS9
16678,RT @DonaldJTrumpJr: Despite the bullshit from blue checkmark Twitter, when we walked into the arena it was overwhelmingly positive. @danawh…
21929,RT @realDonaldTrump: A great new book by Howie Carr, “What Really Happened, How Donald J. Trump Saved America From Hillary Clinton,” is on…
13245,RT @realDonaldTrump: Tate Reeves will be a great Governor of Mississippi, and what an electric Rally last night. Vote for Tate on Tuesday!…
15148,RT @realDonaldTrump: Big Rally in Kentucky on Monday night for a man who has worked really hard & done a GREAT job, Governor @MattBevin. Ke…
15625,RT @realDonaldTrump: Louisiana has a chance to have a really great Governor in @EddieRispone. Auto insurance costs and taxes will be coming…
31386,RT @realDonaldTrump: The Whistleblower has disappeared. Where is the Whistleblower?
